[
    {
        "title": "Terminal",
        "command": "gnome-terminal",
        "icon": "utilities-terminal"
    },
    {
        "title": "Files",
        "command": "nautilus",
        "icon": "folder"
    },
    {
        "type": "separator"
    },
    {
        "title": "SSH Connections",
        "type": "submenu",
        "icon": "network-workgroup",
        "submenu": [
            {
                "title": "Connect to Server #1",
                "command": "gnome-terminal -- bash -c 'ssh user@server1'"
            },
            {
                "title": "Connect to Server #2",
                "command": "gnome-terminal -- bash -c 'ssh user@server2'",
                "icon": "~/.icons/my-custom-icon.jpg"
            }
        ]
    }
]